{".env":[".env"],"assets/images/logo.png":["assets/images/logo.png"],"assets/images/logo_with_text.png":["assets/images/logo_with_text.png"],"assets/images/old_logo.png":["assets/images/old_logo.png"],"assets/svg/closed.svg":["assets/svg/closed.svg"],"assets/svg/dashboard.svg":["assets/svg/dashboard.svg"],"assets/svg/logs.svg":["assets/svg/logs.svg"],"assets/svg/settings.svg":["assets/svg/settings.svg"],"assets/svg/teams.svg":["assets/svg/teams.svg"],"assets/svg/view.svg":["assets/svg/view.svg"],"packages/pdfrx/assets/pdfium.wasm":["packages/pdfrx/assets/pdfium.wasm"],"packages/pdfrx/assets/pdfium_client.js":["packages/pdfrx/assets/pdfium_client.js"],"packages/pdfrx/assets/pdfium_worker.js":["packages/pdfrx/assets/pdfium_worker.js"],"packages/syncfusion_flutter_datagrid/assets/font/FilterIcon.ttf":["packages/syncfusion_flutter_datagrid/assets/font/FilterIcon.ttf"],"packages/syncfusion_flutter_datagrid/assets/font/UnsortIcon.ttf":["packages/syncfusion_flutter_datagrid/assets/font/UnsortIcon.ttf"],"packages/syncfusion_flutter_pdfviewer/assets/fonts/RobotoMono-Regular.ttf":["packages/syncfusion_flutter_pdfviewer/assets/fonts/RobotoMono-Regular.ttf"],"packages/syncfusion_flutter_pdfviewer/assets/icons/dark/highlight.png":["packages/syncfusion_flutter_pdfviewer/assets/icons/dark/highlight.png"],"packages/syncfusion_flutter_pdfviewer/assets/icons/dark/squiggly.png":["packages/syncfusion_flutter_pdfviewer/assets/icons/dark/squiggly.png"],"packages/syncfusion_flutter_pdfviewer/assets/icons/dark/strikethrough.png":["packages/syncfusion_flutter_pdfviewer/assets/icons/dark/strikethrough.png"],"packages/syncfusion_flutter_pdfviewer/assets/icons/dark/underline.png":["packages/syncfusion_flutter_pdfviewer/assets/icons/dark/underline.png"],"packages/syncfusion_flutter_pdfviewer/assets/icons/light/highlight.png":["packages/syncfusion_flutter_pdfviewer/assets/icons/light/highlight.png"],"packages/syncfusion_flutter_pdfviewer/assets/icons/light/squiggly.png":["packages/syncfusion_flutter_pdfviewer/assets/icons/light/squiggly.png"],"packages/syncfusion_flutter_pdfviewer/assets/icons/light/strikethrough.png":["packages/syncfusion_flutter_pdfviewer/assets/icons/light/strikethrough.png"],"packages/syncfusion_flutter_pdfviewer/assets/icons/light/underline.png":["packages/syncfusion_flutter_pdfviewer/assets/icons/light/underline.png"]}