[{"path":"audioplayers_windows_plugin.dll","calculatedHash":"1O2aCAmZa3mvVBXwpF2YYw2kPkUT9z2f89oSfhQhKGpZM8TMVG9jM/D9h6YFauPMK3mglSi8vyBqcU2Ro637ig==","length":199168},{"path":"ctcma.exe","calculatedHash":"DqPi1N41lKWn7aZOWMacvQWstoedINZb8Ozls8HehIAXfyTSR7ahY7crieDxQqWBkneF4W6NDTHYuF+48g58Fw==","length":503296},{"path":"data\\app.so","calculatedHash":"DlUVnM0KLn1I8sNkaYIgftdXTnSOIQNtTYmPa1X7Wv7TeaMsMWMKE2K0EGxXn73k05vS315zCv/18DOdWXkziQ==","length":16483248},{"path":"data\\flutter_assets\\.env","calculatedHash":"iXcA0AmqwsI5V0ueD8anfT+Rx1uv9HZdUmliFyNqNtPjKGd0hdR20fvU7AEc+90EDKVl4/jLqaMtv+GxKI0C8A==","length":42},{"path":"data\\flutter_assets\\AssetManifest.bin","calculatedHash":"owzhlALmY+TUJaI+CacNCgwS5k/E1FW8ujFwD4P5pwmqAvkRSeNQ4qtjEQw3z+/Ft2m38tEMtrywHozoOVoBEw==","length":2522},{"path":"data\\flutter_assets\\AssetManifest.json","calculatedHash":"e6L7i8BaTFYLlgSW6pMWjz46P361RRhFgMIjhZqphT7+96aBB01k6ccqKLY5PgFKC1Y2Eeguw/fodrqXGQctBg==","length":2353},{"path":"data\\flutter_assets\\assets\\images\\logo.png","calculatedHash":"x63+q3TFW6q2MnX5WOxjOHOdQh0L6/m/hLvJ1erch/+KFRfmRc2GHPLtgMhsNVzvkc0IJyJkxTMYIrZ+IVEuRg==","length":25092},{"path":"data\\flutter_assets\\assets\\images\\logo_with_text.png","calculatedHash":"voYpdAsnzk5RFFIgEzmZISryP100hCV1O/VC/J4vZrXEEiBnqPzFk+gT88w8wnofidZyS5AT+CxSJmh7KamuVw==","length":95333},{"path":"data\\flutter_assets\\assets\\images\\old_logo.png","calculatedHash":"oWTCdLiI4yt498TU/yETSJrfXwrcXZjVEWrHf0VOXJD6tuUgOilFaogB9EJKbtxn8NiNlUnTP8/EfKV4YXN0XA==","length":19745},{"path":"data\\flutter_assets\\assets\\svg\\closed.svg","calculatedHash":"HNh0ll8dn7xK+xKJd8bLdCV8v/gSWGlQZqgqCR04lVO4J54qR3XbbuH9YmSOvaBKlVymab4D1W5iC+Fkv8JVRg==","length":821},{"path":"data\\flutter_assets\\assets\\svg\\dashboard.svg","calculatedHash":"oGsstpzj1y9wVfRCLpLFQX0EngYTaCGpFQEYFqDzXRK2s6MuF5vT+szAMtIhKO6ByUKX0HN5hWVwQeZTO/0jVg==","length":482},{"path":"data\\flutter_assets\\assets\\svg\\logs.svg","calculatedHash":"s/+Esb1zNFepfeLW0i5RM5lJRm15LwgUbrc5eCZoqtp6bjYiEjyDmJyIJFZgOeLVQxoprAZLAAsh0ff/fpW2oQ==","length":1534},{"path":"data\\flutter_assets\\assets\\svg\\settings.svg","calculatedHash":"3Q4CmXLMLm+KD7pQCPJy71kI94mv+3vdi0tEVZnNiAW8wSTdMwt8BNpN5S1dj+MurTlQ8iN2YNS/1mDzw5lMHw==","length":1855},{"path":"data\\flutter_assets\\assets\\svg\\teams.svg","calculatedHash":"Q/GCOZj7OqKl+hKa2HFxdU4cPhLeFR+b/HlQViYVYxv2Tf6Odt+2uSPdqINJmj9GRICoWOq7agipPkLwyt6ZBA==","length":2342},{"path":"data\\flutter_assets\\assets\\svg\\view.svg","calculatedHash":"NwWMDTfYiteWA15Z8DNNgcF9bLDjy0d+hcM9WrJkgHWvn1F4JSy4KDT3715J5LKpWVmdWlbSGQdnzmTWqmjtBA==","length":2689},{"path":"data\\flutter_assets\\FontManifest.json","calculatedHash":"ugj5/+GXFrxD+1sc+qL1RbXArMTtpJRQc6odzyGdFvfEoSmlq5Bjy0w2Oh3hWyeWaM3BYPzvSP3iA4L0TMhzvw==","length":534},{"path":"data\\flutter_assets\\fonts\\MaterialIcons-Regular.otf","calculatedHash":"m8DfSD0rNhUipfYHLxIyFb3gojQL1KYObKtsR96NjtPvtfpJhUzD79VUEFYx3vjtWjOGfWsjd/6H68hGuYCn8w==","length":1645184},{"path":"data\\flutter_assets\\NativeAssetsManifest.json","calculatedHash":"ktGgpzrLTbDQDILvQHjoan9ogUUOUB+xI4LHn/m0Z83Q1hhf2MNvT6fLk59tjz/FrN4EChDtRtC54IAVLK9oCQ==","length":45},{"path":"data\\flutter_assets\\NOTICES.Z","calculatedHash":"uMXj0Q9gZ1p29DgbfM686gVRXAv6OxWB14F6Ct1HtN7KW1rgdsGnItM6EDQduXWJ6rv17Yt+rKdA58T9KbZC7A==","length":100808},{"path":"data\\flutter_assets\\packages\\pdfrx\\assets\\pdfium.wasm","calculatedHash":"rUZhYecYEdZf54zwq6khnTd+27UrTJsivUDbPduj0WEvHHwiUfQ3swGxMnwwFfee4mphV7KA5JPIl0mV4c6jxA==","length":3960317},{"path":"data\\flutter_assets\\packages\\pdfrx\\assets\\pdfium_client.js","calculatedHash":"8E5nT6Bi262nhETy9FzlnGrgeWQLUhCqokehYso24c4eBQrvVZOUtJPFA2faNOo2B4D1MuTuPgh97fogn7UINg==","length":1856},{"path":"data\\flutter_assets\\packages\\pdfrx\\assets\\pdfium_worker.js","calculatedHash":"HeV6rUmqmS7V/Q376witEYfrpD2El/eOhT8DnM8i4ml7Z69n/9N9rjlNGvgbn5w7nKzS8N4t9lK0hxl0gu/AmA==","length":48247},{"path":"data\\flutter_assets\\packages\\syncfusion_flutter_datagrid\\assets\\font\\FilterIcon.ttf","calculatedHash":"Ky9GLO5yusRu16MawIlFxH+icCfcty1Rx/JeZlH/veGmvPZB3Eok9a+JenPNOChDZit6okGeQvCXOuUdRtjZ5w==","length":3308},{"path":"data\\flutter_assets\\packages\\syncfusion_flutter_datagrid\\assets\\font\\UnsortIcon.ttf","calculatedHash":"VBRY081sBcIL0RJ0LHtG2HZYaPUIUGQgdYyNCV0UknFJ51p64IxopOk7DExNaQeHegBSGbk370cIula9OHBiAg==","length":1092},{"path":"data\\flutter_assets\\packages\\syncfusion_flutter_pdfviewer\\assets\\fonts\\RobotoMono-Regular.ttf","calculatedHash":"1tTsdpCuq3ZVp326KOmUveBeSPYc4D5ATHPdWOadYm6pMSgxsIR9dcTUnp+CceLhKD/MN5kmtz8pRCIPrXIIvQ==","length":87236},{"path":"data\\flutter_assets\\packages\\syncfusion_flutter_pdfviewer\\assets\\icons\\dark\\highlight.png","calculatedHash":"ousJVgfQGrOlg3IHJXZp856Dw37Rc7eKI+hIn1QgYUxxn7wgQI1r99Y/sUSXcGXaWCs14jJbQ9vb8PcBaYn1zw==","length":1165},{"path":"data\\flutter_assets\\packages\\syncfusion_flutter_pdfviewer\\assets\\icons\\dark\\squiggly.png","calculatedHash":"dt7lDK294XEkZX60UymNjRbnsUb0hvm2JWxhw9KEvZiwvb50qpaVGonhvZJVVqaSqNKAs0mTXCEn6sivBWEgXw==","length":835},{"path":"data\\flutter_assets\\packages\\syncfusion_flutter_pdfviewer\\assets\\icons\\dark\\strikethrough.png","calculatedHash":"LRj6rEnpmX/+xDWb2BwNjygOyDn8+NBEZkdX2vUFUZUzrRRrVz+V3iaPVPosmAv1oNNBelCqgCrJSz5IHzEIQg==","length":967},{"path":"data\\flutter_assets\\packages\\syncfusion_flutter_pdfviewer\\assets\\icons\\dark\\underline.png","calculatedHash":"31rpiQ0pYvfzKL+vp0APcUSMjcj8QWqCu9TACa3QHZANR+M/X9AtFBw7C6EC6YnLuxfY1/mSSE1ECOiZjyLf3g==","length":631},{"path":"data\\flutter_assets\\packages\\syncfusion_flutter_pdfviewer\\assets\\icons\\light\\highlight.png","calculatedHash":"9O0LKxhFsrOLmn4rUeMWpAjAhid5BwjU887FtJJ4sjjuXqXcCj7ethMRIwTkD9j0SQl44IY0Ti1l2kaucCRCJA==","length":1304},{"path":"data\\flutter_assets\\packages\\syncfusion_flutter_pdfviewer\\assets\\icons\\light\\squiggly.png","calculatedHash":"9wVdodXjCeJbbVRPgDgQT9TK8FPyRGx+uCU0tRCz7KuLD8ubu/CH6AYocuwFTmhpQSPgXgeQM/ye0XSPYkpMpw==","length":903},{"path":"data\\flutter_assets\\packages\\syncfusion_flutter_pdfviewer\\assets\\icons\\light\\strikethrough.png","calculatedHash":"CjHxeVz910a0dNhnao/vPM+y6KfAeAczz7dBH6d9aXwPAlrpA4hwJZAUSH5kgryKQS5nYSJQ1b/xnFvkDKfRIw==","length":1005},{"path":"data\\flutter_assets\\packages\\syncfusion_flutter_pdfviewer\\assets\\icons\\light\\underline.png","calculatedHash":"j3dqtu3JECZQMiJ2Oi40umgWuFgbz46Dn0/FO77CI1toN6GQ3CH4mpxP3Ppxq2f7ysW9ni6C0LOi/6L63cN4rw==","length":658},{"path":"data\\flutter_assets\\shaders\\ink_sparkle.frag","calculatedHash":"ykPd/ZI8geqsJ23jtyf2EZ+gEy+lMbe+0CkEPxAivXETRIety1I0o3NVwfzRftfC4pWHG/Ty3eBprL537bFxFg==","length":21320},{"path":"data\\icudtl.dat","calculatedHash":"wGtRDmveqhsOYKu1v8XKSNNI5Dfvb5rc2F4UPa0bc+La7K41omDVnB5eNhSo5WhpjbHM2/SRUWa2UcEBtEeWlA==","length":778864},{"path":"desktop_updater_plugin.dll","calculatedHash":"9AGvxFPavaLghD5i5WTg13E0MLBiA7IGu0hDd6O0S02gQWRaxJr1qH6kwxfvEx3K7u5y6YmsvnzhAgd6KtKt1A==","length":108544},{"path":"flutter_windows.dll","calculatedHash":"JJ0OfRomFGS7dN7hBi7hmEzj3fNC6wPXMB7BWCyoO4s7B5wK+ciVjcl9AkvdpNgoliszRQf8ZYyRlgGj4o+27g==","length":19036160},{"path":"just_audio_windows_plugin.dll","calculatedHash":"lAGmWJ/3WOOZsjtKYYSQk5/EBnYuXXsWma4I5BGWLaj8Eacit7iygCEp0SxLA7PZXJFF6JJ6/F7tz8I04DQGcA==","length":180224},{"path":"pdfium.dll","calculatedHash":"/veomw2eX+frNYHFFF28ygxDW9XcLocqQgXqZMMwlGoP+/xI/VisygswUsdW0We2Iv4O8+WeqcR9snJ6kSO3EA==","length":5718016},{"path":"pdfrx.dll","calculatedHash":"nu7qyMgOfztoRtWCcJXgoIuB5u9Dn1bt0K0O1evraQsdUrfDeGdj9TmqqIcT+7ruHEthd0YWhglrEdImxOsx0g==","length":12800},{"path":"syncfusion_pdfviewer_windows_plugin.dll","calculatedHash":"FHRnGzj9/QUlegpIS9jYhrxodzQr7RrARNLJc8lZNjD0Pz2jsPm3tmX8CwMOMWh9lRn/n7yRrcrawJjrIYJGvg==","length":97280},{"path":"url_launcher_windows_plugin.dll","calculatedHash":"R/5qCdu//AvUHpqtB2UhIBEkkQ10IsS2cizGg1mNxk5lGDM2g1uau9fTau5q6QtIjyJd8ZbE+jVAiF7rhmnLpQ==","length":98304},{"path":"video_player_win_plugin.dll","calculatedHash":"swaQ+YihZXEw+05EpVRNfW2SBFqx0n9aVKKaeo6QocsSk/aCRfkkYTYXIEj3IIPuBKik363oQSzpHzFm90Hs5w==","length":175616},{"path":"windows_notification_plugin.dll","calculatedHash":"loNJwIewXyWtSzqGpgMgdL746ic2nIXKjUyA7BMnwvS0V131Uth2VxYB/zEjwPY0bUvVi51bmsQPJI9YhtNAuA==","length":140800}]